name,version,findings_count,max_risk,avg_risk,critical_count,high_count,kev_count,exploit_count,project_count,portfolio_composite_risk,normalized_risk_score,has_kev,has_exploits
org.apache.commons/commons-text,1.9,47,10,9.042553191489361,32,15,36,36,8,5380,250,True,True
org.apache.logging.log4j/log4j-core,2.17.0,50,10,8.22,32,6,32,35,8,4945,230,True,True
org.springframework/spring-core,5.3.20,56,10,7.410714285714286,21,12,25,26,8,4040,188,True,True
com.fasterxml.jackson.core/jackson-databind,2.13.4,51,10,7.294117647058823,5,30,9,25,8,3055,142,True,True
jsonwebtoken,9.0.0,58,10,6.586206896551724,6,27,6,10,8,2440,113,True,True
org.springframework/spring-web,5.3.20,37,10,7.27027027027027,10,13,13,14,8,2430,113,True,True
openssl,1.1.1q,45,9,6.777777777777778,2,25,15,8,8,2340,109,True,True
org.yaml/snakeyaml,1.30,39,10,7.435897435897436,5,25,7,8,8,2110,98,True,True
lodash,4.17.21,40,9,5.675,0,22,2,18,8,1930,90,True,True
linux-kernel,5.15.0,30,10,6.6,11,0,11,11,8,1835,85,True,True
nginx,1.23.2,24,10,4.958333333333333,1,3,2,2,8,690,32,True,True
sequelize,6.28.0,13,10,5.6923076923076925,1,3,2,2,8,580,27,True,True
django,4.1.0,28,7,4.75,0,0,0,0,8,440,20,False,False
libcurl,7.86.0,28,7,4.178571428571429,0,0,0,0,8,440,20,False,False
org.springframework.boot/spring-boot,2.7.0,30,7,4.8,0,0,0,0,6,420,20,False,False
org.apache.tomcat.embed/tomcat-embed-core,9.0.65,24,6,4.958333333333333,0,0,0,0,8,400,19,False,False
pillow,9.3.0,24,7,4.916666666666667,0,0,0,0,8,400,19,False,False
org.apache.logging.log4j/log4j-api,2.17.0,26,7,4.730769230769231,0,0,0,0,7,400,19,False,False
moment,2.29.4,24,7,5.125,0,0,0,0,8,400,19,False,False
busybox,1.35.0,23,7,4.391304347826087,0,0,0,0,8,390,18,False,False
express,4.18.2,23,6,4.6521739130434785,0,0,0,0,8,390,18,False,False
sqlite,3.40.0,16,7,4.375,0,0,0,0,8,320,15,False,False
requests,2.28.1,17,7,4.470588235294118,0,0,0,0,7,310,14,False,False
org.bouncycastle/bcprov-jdk15on,1.70,13,7,4.153846153846154,0,0,0,0,8,290,13,False,False
postgresql,15.0,15,7,4.866666666666666,0,0,0,0,7,290,13,False,False
redis,7.0.5,14,7,4.5,0,0,0,0,7,280,13,False,False
glibc,2.35,12,6,4.583333333333333,0,0,0,0,7,260,12,False,False
axios,1.2.0,11,7,4.090909090909091,0,0,0,0,7,250,12,False,False
flask,2.2.2,11,7,4.2727272727272725,0,0,0,0,5,210,10,False,False
zlib,1.2.13,6,6,4.666666666666667,0,0,0,0,4,140,7,False,False
